<?xml version="1.0" encoding="UTF-8"?>
<!DOCTYPE suite SYSTEM "https://testng.org/testng-1.0.dtd">
<suite name="Suite">
  <test thread-count="5" name="Test">
    <classes>
      <class name="com.capgemini.tests.TC_001"/>
      <class name="com.capgemini.tests.TC_002"/>
      <class name="com.capgemini.tests.TC_003"/>
      <class name="com.capgemini.tests.TC_004"/>
      <class name="com.capgemini.tests.TC_005"/>
      <class name="com.capgemini.tests.TC_006"/>
    </classes>
  </test> <!-- Test -->
</suite> <!-- Suite -->
